"","precursor_name","updated_precursor_name"
"1","CE(14:0)","CE(14:0)"
"2","CE(16:0)","CE(16:0)"
"3","CE(16:1)","CE(16:1)"
"4","CE(18:0)","CE(18:0)"
"5","CE(18:1)","CE(18:1)"
"6","CE(18:2)","CE(18:2)"
"7","CE(18:3)","CE(18:3)"
"8","CE(20:0)","CE(20:0)"
"9","CE(20:1)","CE(20:1)"
"10","CE(20:2)","CE(20:2)"
"11","CE(20:3)","CE(20:3)"
"12","CE(20:4)","CE(20:4)"
"13","CE(20:5)","CE(20:5)"
"14","CE(22:0)","CE(22:0)"
"15","CE(22:1)","CE(22:1)"
"16","CE(22:2)","CE(22:2)"
"17","CE(22:4)","CE(22:4)"
"18","CE(22:5)","CE(22:5)"
"19","CE(22:6)","CE(22:6)"
"20","CE(24:0)","CE(24:0)"
"21","CE(24:1)","CE(24:1)"
"22","SIL_14:1 cholesteryl-d7 ester","SIL_CE(14:1)_d7"
"23","SIL_16:1 cholesteryl-d7 ester","SIL_CE(16:1)_d7"
"24","SIL_18:1 cholesteryl-d7 ester","SIL_CE(18:1)_d7"
"25","SIL_20:3 cholesteryl-d7 ester","SIL_CE(20:3)_d7"
"26","SIL_22:4 cholesteryl-d7 ester","SIL_CE(22:4)_d7"
"27","CER(14:0)","Cer(d18:1/14:0)"
"28","CER(16:0)","Cer(d18:1/16:0)"
"29","CER(18:0)","Cer(d18:1/18:0)"
"30","CER(18:1)","Cer(d18:1/18:1)"
"31","CER(20:0)","Cer(d18:1/20:0)"
"32","CER(20:1)","Cer(d18:1/20:1)"
"33","CER(22:0)","Cer(d18:1/22:0)"
"34","CER(22:1)","Cer(d18:1/22:1)"
"35","CER(24:0)","Cer(d18:1/24:0)"
"36","CER(24:1)","Cer(d18:1/24:1)"
"37","CER(26:0)","Cer(d18:1/26:0)"
"38","CER(26:1)","Cer(d18:1/26:1)"
"39","SIL_C15 Ceramide-d7 (d18:1-d7/15:0)","SIL_Cer(d18:1-d7/15:0)_d7"
"40","SIL_C16:1 Ceramide-d7 (d18:1-d7/16:1)","SIL_Cer(d18:1-d7/16:1)_d7"
"41","SIL_C18:1 Ceramide-d7 (d18:1-d7/18:1)","SIL_Cer(d18:1-d7/18:1)_d7"
"42","SIL_C20:1 Ceramide-d7 (d18:1-d7/20:1)","SIL_Cer(d18:1-d7/20:1)_d7"
"43","SIL_C22:1 Ceramide-d7 (d18:1-d7/22:1)","SIL_Cer(d18:1-d7/22:1)_d7"
"44","SIL_C24:1 Ceramide-d7 (d18:1-d7/24:1)","SIL_Cer(d18:1-d7/24:1)_d7"
"45","DAG(14:0_14:0)","DG(14:0_14:0)"
"46","DAG(14:0_16:1)","DG(14:0_16:1)"
"47","DAG(14:0_18:1)","DG(14:0_18:1)"
"48","DAG(14:0_18:2)","DG(14:0_18:2)"
"49","DAG(14:0_18:3)","DG(14:0_18:3)"
"50","DAG(14:0_20:0)","DG(14:0_20:0)"
"51","DAG(14:0_20:4)","DG(14:0_20:4)"
"52","DAG(14:0_22:6)","DG(14:0_22:6)"
"53","DAG(16:0_16:0)","DG(16:0_16:0)"
"54","DAG(16:0_16:1)","DG(16:0_16:1)"
"55","DAG(16:0_18:0)","DG(16:0_18:0)"
"56","DAG(16:0_18:1)","DG(16:0_18:1)"
"57","DAG(16:0_18:2)","DG(16:0_18:2)"
"58","DAG(16:0_18:3)","DG(16:0_18:3)"
"59","DAG(16:0_20:3)","DG(16:0_20:3)"
"60","DAG(16:0_20:4)","DG(16:0_20:4)"
"61","DAG(16:0_20:5)","DG(16:0_20:5)"
"62","DAG(16:0_22:5)","DG(16:0_22:5)"
"63","DAG(16:0_22:6)","DG(16:0_22:6)"
"64","DAG(16:1_16:1)","DG(16:1_16:1)"
"65","DAG(16:1_18:0)","DG(16:1_18:0)"
"66","DAG(16:1_18:1)","DG(16:1_18:1)"
"67","DAG(16:1_18:2)","DG(16:1_18:2)"
"68","DAG(16:1_18:3)","DG(16:1_18:3)"
"69","DAG(16:1_20:0)","DG(16:1_20:0)"
"70","DAG(16:1_20:2)","DG(16:1_20:2)"
"71","DAG(16:1_20:4)","DG(16:1_20:4)"
"72","DAG(16:1_22:6)","DG(16:1_22:6)"
"73","DAG(18:0_18:1)","DG(18:0_18:1)"
"74","DAG(18:0_18:2)","DG(18:0_18:2)"
"75","DAG(18:0_18:3)","DG(18:0_18:3)"
"76","DAG(18:0_22:6)","DG(18:0_22:6)"
"77","DAG(18:1_18:1)","DG(18:1_18:1)"
"78","DAG(18:1_18:2)","DG(18:1_18:2)"
"79","DAG(18:1_20:1)","DG(18:1_20:1)"
"80","DAG(18:1_20:2)","DG(18:1_20:2)"
"81","DAG(18:1_20:3)","DG(18:1_20:3)"
"82","DAG(18:1_20:4)","DG(18:1_20:4)"
"83","DAG(18:1_20:5)","DG(18:1_20:5)"
"84","DAG(18:1_22:4)","DG(18:1_22:4)"
"85","DAG(18:1_22:5)","DG(18:1_22:5)"
"86","DAG(18:1_22:6)","DG(18:1_22:6)"
"87","DAG(18:2_18:3)","DG(18:2_18:3)"
"88","DAG(18:2_20:3)","DG(18:2_20:3)"
"89","DAG(18:2_20:4)","DG(18:2_20:4)"
"90","DAG(18:2_20:5)","DG(18:2_20:5)"
"91","DAG(18:2_22:4)","DG(18:2_22:4)"
"92","DAG(18:2_22:5)","DG(18:2_22:5)"
"93","DAG(18:2_22:6)","DG(18:2_22:6)"
"94","DAG(20:0_20:0)","DG(20:0_20:0)"
"95","SIL_17:0-14:1 DG-d5","SIL_DG(17:0_14:1)_d5"
"96","SIL_17:0-16:1 DG-d5","SIL_DG(17:0_16:1)_d5"
"97","SIL_17:0-18:1 DG-d5","SIL_DG(17:0_18:1)_d5"
"98","SIL_17:0-20:3 DG-d5","SIL_DG(17:0_20:3)_d5"
"99","SIL_17:0-22:4 DG-d5","SIL_DG(17:0_22:4)_d5"
"100","DCER(14:0)","DhCer(d18:0/14:0)"
"101","DCER(16:0)","DhCer(d18:0/16:0)"
"102","DCER(18:0)","DhCer(d18:0/18:0)"
"103","DCER(18:1)","DhCer(d18:0/18:1)"
"104","DCER(20:0)","DhCer(d18:0/20:0)"
"105","DCER(20:1)","DhCer(d18:0/20:1)"
"106","DCER(22:0)","DhCer(d18:0/22:0)"
"107","DCER(22:1)","DhCer(d18:0/22:1)"
"108","DCER(24:0)","DhCer(d18:0/24:0)"
"109","DCER(24:1)","DhCer(d18:0/24:1)"
"110","DCER(26:0)","DhCer(d18:0/26:0)"
"111","DCER(26:1)","DhCer(d18:0/26:1)"
"112","SIL_C13 Dihydroceramide-d7 (d18:0-D7/13:0)","SIL_DhCer(d18:0-d7/13:0)_d7"
"113","FFA(14:0)","FA(14:0)"
"114","FFA(14:1)","FA(14:1)"
"115","FFA(16:0)","FA(16:0)"
"116","FFA(16:1)","FA(16:1)"
"117","FFA(16:2)","FA(16:2)"
"118","FFA(18:0)","FA(18:0)"
"119","FFA(18:1)","FA(18:1)"
"120","FFA(18:2)","FA(18:2)"
"121","FFA(18:3)","FA(18:3)"
"122","FFA(20:0)","FA(20:0)"
"123","FFA(20:1)","FA(20:1)"
"124","FFA(20:2)","FA(20:2)"
"125","FFA(20:3)","FA(20:3)"
"126","FFA(20:4)","FA(20:4)"
"127","FFA(20:5)","FA(20:5)"
"128","FFA(22:4)","FA(22:4)"
"129","FFA(22:5)","FA(22:5)"
"130","FFA(22:6)","FA(22:6)"
"131","FFA(24:0)","FA(24:0)"
"132","FFA(24:1)","FA(24:1)"
"133","SIL_Stearic Acid-d4","SIL_FA(18:0)_d4"
"134","SIL_Oleic Acid-d9","SIL_FA(18:1(9Z))_d9"
"135","SIL_Linoleic Acid-d11","SIL_FA(18:2(9Z,12Z))_d11"
"136","SIL_Arachidonic Acid-d5","SIL_FA(20:4(5Z,8Z,11Z,14Z))_d5"
"137","SIL_Palmitic Acid-d5","SIL_FA(16:0)_d5"
"138","HCER(14:0)","HexCer(d18:1/14:0)"
"139","HCER(16:0)","HexCer(d18:1/16:0)"
"140","HCER(18:0)","HexCer(d18:1/18:0)"
"141","HCER(18:1)","HexCer(d18:1/18:1)"
"142","HCER(20:0)","HexCer(d18:1/20:0)"
"143","HCER(20:1)","HexCer(d18:1/20:1)"
"144","HCER(22:0)","HexCer(d18:1/22:0)"
"145","HCER(22:1)","HexCer(d18:1/22:1)"
"146","HCER(24:0)","HexCer(d18:1/24:0)"
"147","HCER(24:1)","HexCer(d18:1/24:1)"
"148","HCER(26:0)","HexCer(d18:1/26:0)"
"149","HCER(26:1)","HexCer(d18:1/26:1)"
"150","HCER(d18:0_18:0)","HexCer(d18:0/18:0)"
"151","HCER(d18:0_20:0)","HexCer(d18:0/20:0)"
"152","HCER(d18:0_22:0)","HexCer(d18:0/22:0)"
"153","HCER(d18:0_24:0)","HexCer(d18:0/24:0)"
"154","HCER(d18:0_24:1)","HexCer(d18:0/24:1)"
"155","HCER(d18:0_26:0)","HexCer(d18:0/26:0)"
"156","HCER(d18:0_26:1)","HexCer(d18:0/26:1)"
"157","SIL_C15 Glucosyl(β) Ceramide-D7 (d18:1-D7/15:0)","SIL_HexCer(d18:1-d7/15:0)_d7"
"158","LCER(14:0)","LacCer(d18:1/14:0)"
"159","LCER(16:0)","LacCer(d18:1/16:0)"
"160","LCER(18:0)","LacCer(d18:1/18:0)"
"161","LCER(18:1)","LacCer(d18:1/18:1)"
"162","LCER(20:0)","LacCer(d18:1/20:0)"
"163","LCER(20:1)","LacCer(d18:1/20:1)"
"164","LCER(22:0)","LacCer(d18:1/22:0)"
"165","LCER(22:1)","LacCer(d18:1/22:1)"
"166","LCER(24:0)","LacCer(d18:1/24:0)"
"167","LCER(24:1)","LacCer(d18:1/24:1)"
"168","LCER(26:0)","LacCer(d18:1/26:0)"
"169","LCER(26:1)","LacCer(d18:1/26:1)"
"170","LCER(d18:0_18:0)","LacCer(d18:0/18:0)"
"171","LCER(d18:0_20:0)","LacCer(d18:0/20:0)"
"172","LCER(d18:0_22:0)","LacCer(d18:0/22:0)"
"173","LCER(d18:0_24:0)","LacCer(d18:0/24:0)"
"174","LCER(d18:0_24:1)","LacCer(d18:0/24:1)"
"175","LCER(d18:0_26:0)","LacCer(d18:0/26:0)"
"176","LCER(d18:0_26:1)","LacCer(d18:0/26:1)"
"177","SIL_C15 Lactosyl(β) Ceramide-D7 (d18:1-D7/15:0)","SIL_LacCer(d18:1-d7/15:0)_d7"
"178","LPC(14:0)","LPC(14:0)"
"179","LPC(16:0)","LPC(16:0)"
"180","LPC(16:1)","LPC(16:1)"
"181","LPC(18:0)","LPC(18:0)"
"182","LPC(18:1)","LPC(18:1)"
"183","LPC(18:2)","LPC(18:2)"
"184","LPC(18:3)","LPC(18:3)"
"185","LPC(20:0)","LPC(20:0)"
"186","LPC(20:1)","LPC(20:1)"
"187","LPC(20:2)","LPC(20:2)"
"188","LPC(20:3)","LPC(20:3)"
"189","LPC(20:4)","LPC(20:4)"
"190","LPC(20:5)","LPC(20:5)"
"191","LPC(22:4)","LPC(22:4)"
"192","LPC(22:5)","LPC(22:5)"
"193","LPC(22:6)","LPC(22:6)"
"194","SIL_15:0 Lyso PC-d5","SIL_LPC(15:0)_d5"
"195","SIL_17:0 Lyso PC-d5","SIL_LPC(17:0)_d5"
"196","SIL_19:0 Lyso PC-d5","SIL_LPC(19:0)_d5"
"197","LPE(14:0)","LPE(14:0)"
"198","LPE(16:0)","LPE(16:0)"
"199","LPE(16:1)","LPE(16:1)"
"200","LPE(18:0)","LPE(18:0)"
"201","LPE(18:1)","LPE(18:1)"
"202","LPE(18:2)","LPE(18:2)"
"203","LPE(18:3)","LPE(18:3)"
"204","LPE(20:0)","LPE(20:0)"
"205","LPE(20:1)","LPE(20:1)"
"206","LPE(20:2)","LPE(20:2)"
"207","LPE(20:3)","LPE(20:3)"
"208","LPE(20:4)","LPE(20:4)"
"209","LPE(20:5)","LPE(20:5)"
"210","LPE(22:4)","LPE(22:4)"
"211","LPE(22:5)","LPE(22:5)"
"212","LPE(22:6)","LPE(22:6)"
"213","SIL_15:0 Lyso PE-d5","SIL_LPE(15:0)_d5"
"214","SIL_17:0 Lyso PE-d5","SIL_LPE(17:0)_d5"
"215","SIL_19:0 Lyso PE-d5","SIL_LPE(19:0)_d5"
"216","LPG(14:0)","LPG(14:0)"
"217","LPG(16:0)","LPG(16:0)"
"218","LPG(16:1)","LPG(16:1)"
"219","LPG(18:0)","LPG(18:0)"
"220","LPG(18:1)","LPG(18:1)"
"221","LPG(18:2)","LPG(18:2)"
"222","LPG(18:3)","LPG(18:3)"
"223","LPG(20:0)","LPG(20:0)"
"224","LPG(20:1)","LPG(20:1)"
"225","LPG(20:2)","LPG(20:2)"
"226","LPG(20:3)","LPG(20:3)"
"227","LPG(20:4)","LPG(20:4)"
"228","LPG(20:5)","LPG(20:5)"
"229","LPG(22:4)","LPG(22:4)"
"230","LPG(22:5)","LPG(22:5)"
"231","LPG(22:6)","LPG(22:6)"
"232","SIL_15:0 Lyso PG-d5","SIL_LPG(15:0)_d5"
"233","SIL_17:0 Lyso PG-d5","SIL_LPG(17:0)_d5"
"234","SIL_19:0 Lyso PG-d5","SIL_LPG(19:0)_d5"
"235","LPI(14:0)","LPI(14:0)"
"236","LPI(16:0)","LPI(16:0)"
"237","LPI(16:1)","LPI(16:1)"
"238","LPI(18:0)","LPI(18:0)"
"239","LPI(18:1)","LPI(18:1)"
"240","LPI(18:2)","LPI(18:2)"
"241","LPI(18:3)","LPI(18:3)"
"242","LPI(20:0)","LPI(20:0)"
"243","LPI(20:1)","LPI(20:1)"
"244","LPI(20:2)","LPI(20:2)"
"245","LPI(20:3)","LPI(20:3)"
"246","LPI(20:4)","LPI(20:4)"
"247","LPI(20:5)","LPI(20:5)"
"248","LPI(22:4)","LPI(22:4)"
"249","LPI(22:5)","LPI(22:5)"
"250","LPI(22:6)","LPI(22:6)"
"251","SIL_15:0 Lyso PI-d5","SIL_LPI(15:0)_d5"
"252","SIL_17:0 Lyso PI-d5","SIL_LPI(17:0)_d5"
"253","SIL_19:0 Lyso PI-d5","SIL_LPI(19:0)_d5"
"254","LPS(14:0)","LPS(14:0)"
"255","LPS(16:0)","LPS(16:0)"
"256","LPS(16:1)","LPS(16:1)"
"257","LPS(18:0)","LPS(18:0)"
"258","LPS(18:1)","LPS(18:1)"
"259","LPS(18:2)","LPS(18:2)"
"260","LPS(18:3)","LPS(18:3)"
"261","LPS(20:0)","LPS(20:0)"
"262","LPS(20:1)","LPS(20:1)"
"263","LPS(20:2)","LPS(20:2)"
"264","LPS(20:3)","LPS(20:3)"
"265","LPS(20:4)","LPS(20:4)"
"266","LPS(20:5)","LPS(20:5)"
"267","LPS(22:4)","LPS(22:4)"
"268","LPS(22:5)","LPS(22:5)"
"269","LPS(22:6)","LPS(22:6)"
"270","SIL_15:0 Lyso PS-d5","SIL_LPS(15:0)_d5"
"271","SIL_17:0 Lyso PS-d5","SIL_LPS(17:0)_d5"
"272","SIL_17:1 Lyso PS_Individual","SIL_LPS(17:1)"
"273","SIL_19:0 Lyso PS-d5","SIL_LPS(19:0)_d5"
"274","MAG(14:0)","MG(14:0)"
"275","MAG(14:1)","MG(14:1)"
"276","MAG(16:0)","MG(16:0)"
"277","MAG(16:1)","MG(16:1)"
"278","MAG(18:0)","MG(18:0)"
"279","MAG(18:1)","MG(18:1)"
"280","MAG(18:2)","MG(18:2)"
"281","MAG(18:3)","MG(18:3)"
"282","MAG(20:0)","MG(20:0)"
"283","MAG(20:1)","MG(20:1)"
"284","MAG(20:2)","MG(20:2)"
"285","MAG(20:3)","MG(20:3)"
"286","MAG(20:4)","MG(20:4)"
"287","MAG(22:0)","MG(22:0)"
"288","MAG(22:1)","MG(22:1)"
"289","MAG(22:2)","MG(22:2)"
"290","MAG(22:3)","MG(22:3)"
"291","MAG(22:4)","MG(22:4)"
"292","MAG(22:5)","MG(22:5)"
"293","MAG(22:6)","MG(22:6)"
"294","SIL_18:1-d7 MG","SIL_MG(18:1)_d7"
"295","PC(14:0_14:0)","PC(14:0_14:0)"
"296","PC(14:0_18:1)","PC(14:0_18:1)"
"297","PC(14:0_18:2)","PC(14:0_18:2)"
"298","PC(14:0_18:3)","PC(14:0_18:3)"
"299","PC(14:0_20:1)","PC(14:0_20:1)"
"300","PC(14:0_20:2)","PC(14:0_20:2)"
"301","PC(14:0_20:3)","PC(14:0_20:3)"
"302","PC(14:0_20:4)","PC(14:0_20:4)"
"303","PC(14:0_20:5)","PC(14:0_20:5)"
"304","PC(14:0_22:4)","PC(14:0_22:4)"
"305","PC(14:0_22:5)","PC(14:0_22:5)"
"306","PC(14:0_22:6)","PC(14:0_22:6)"
"307","PC(14:1_14:1)","PC(14:1_14:1)"
"308","PC(16:0_14:0)","PC(16:0_14:0)"
"309","PC(16:0_16:0)","PC(16:0_16:0)"
"310","PC(16:0_16:1)","PC(16:0_16:1)"
"311","PC(16:0_18:0)","PC(16:0_18:0)"
"312","PC(16:0_18:1)","PC(16:0_18:1)"
"313","PC(16:0_18:2)","PC(16:0_18:2)"
"314","PC(16:0_18:3)","PC(16:0_18:3)"
"315","PC(16:0_20:1)","PC(16:0_20:1)"
"316","PC(16:0_20:2)","PC(16:0_20:2)"
"317","PC(16:0_20:3)","PC(16:0_20:3)"
"318","PC(16:0_20:4)","PC(16:0_20:4)"
"319","PC(16:0_20:5)","PC(16:0_20:5)"
"320","PC(16:0_22:4)","PC(16:0_22:4)"
"321","PC(16:0_22:5)","PC(16:0_22:5)"
"322","PC(16:0_22:6)","PC(16:0_22:6)"
"323","PC(16:1_18:1)","PC(16:1_18:1)"
"324","PC(16:1_18:2)","PC(16:1_18:2)"
"325","PC(18:0_14:0)","PC(18:0_14:0)"
"326","PC(18:0_16:1)","PC(18:0_16:1)"
"327","PC(18:0_18:0)","PC(18:0_18:0)"
"328","PC(18:0_18:1)","PC(18:0_18:1)"
"329","PC(18:0_18:2)","PC(18:0_18:2)"
"330","PC(18:0_18:3)","PC(18:0_18:3)"
"331","PC(18:0_20:0)","PC(18:0_20:0)"
"332","PC(18:0_20:1)","PC(18:0_20:1)"
"333","PC(18:0_20:2)","PC(18:0_20:2)"
"334","PC(18:0_20:3)","PC(18:0_20:3)"
"335","PC(18:0_20:4)","PC(18:0_20:4)"
"336","PC(18:0_20:5)","PC(18:0_20:5)"
"337","PC(18:0_22:4)","PC(18:0_22:4)"
"338","PC(18:0_22:5)","PC(18:0_22:5)"
"339","PC(18:0_22:6)","PC(18:0_22:6)"
"340","PC(18:1_18:1)","PC(18:1_18:1)"
"341","PC(18:1_18:2)","PC(18:1_18:2)"
"342","PC(18:1_18:3)","PC(18:1_18:3)"
"343","PC(18:1_20:1)","PC(18:1_20:1)"
"344","PC(18:1_20:2)","PC(18:1_20:2)"
"345","PC(18:1_20:3)","PC(18:1_20:3)"
"346","PC(18:1_20:4)","PC(18:1_20:4)"
"347","PC(18:1_20:5)","PC(18:1_20:5)"
"348","PC(18:1_22:4)","PC(18:1_22:4)"
"349","PC(18:1_22:5)","PC(18:1_22:5)"
"350","PC(18:1_22:6)","PC(18:1_22:6)"
"351","PC(18:2_16:1)","PC(18:2_16:1)"
"352","PC(18:2_18:2)","PC(18:2_18:2)"
"353","PC(18:2_18:3)","PC(18:2_18:3)"
"354","PC(18:2_20:1)","PC(18:2_20:1)"
"355","PC(18:2_20:2)","PC(18:2_20:2)"
"356","PC(18:2_20:3)","PC(18:2_20:3)"
"357","PC(18:2_20:4)","PC(18:2_20:4)"
"358","PC(18:2_20:5)","PC(18:2_20:5)"
"359","PC(18:2_22:4)","PC(18:2_22:4)"
"360","PC(18:2_22:5)","PC(18:2_22:5)"
"361","PC(18:2_22:6)","PC(18:2_22:6)"
"362","PC(20:0_16:1)","PC(20:0_16:1)"
"363","PC(20:0_18:1)","PC(20:0_18:1)"
"364","PC(20:0_18:3)","PC(20:0_18:3)"
"365","PC(20:0_20:1)","PC(20:0_20:1)"
"366","PC(20:0_20:2)","PC(20:0_20:2)"
"367","PC(20:0_20:3)","PC(20:0_20:3)"
"368","PC(20:0_20:4)","PC(20:0_20:4)"
"369","PC(20:0_20:5)","PC(20:0_20:5)"
"370","PC(20:0_22:4)","PC(20:0_22:4)"
"371","PC(20:0_22:5)","PC(20:0_22:5)"
"372","PC(20:0_22:6)","PC(20:0_22:6)"
"373","SIL_17:0-16:1 PC-d5","SIL_PC(17:0_16:1)_d5"
"374","SIL_17:0-18:1 PC-d5","SIL_PC(17:0_18:1)_d5"
"375","SIL_17:0-20:3 PC-d5","SIL_PC(17:0_20:3)_d5"
"376","SIL_17:0-22:4 PC-d5","SIL_PC(17:0_22:4)_d5"
"377","PE(14:0_14:0)","PE(14:0_14:0)"
"378","PE(14:0_16:1)","PE(14:0_16:1)"
"379","PE(14:0_18:1)","PE(14:0_18:1)"
"380","PE(14:0_18:2)","PE(14:0_18:2)"
"381","PE(14:0_18:3)","PE(14:0_18:3)"
"382","PE(14:0_20:1)","PE(14:0_20:1)"
"383","PE(14:0_20:2)","PE(14:0_20:2)"
"384","PE(14:0_20:3)","PE(14:0_20:3)"
"385","PE(14:0_20:4)","PE(14:0_20:4)"
"386","PE(14:0_20:5)","PE(14:0_20:5)"
"387","PE(14:0_22:4)","PE(14:0_22:4)"
"388","PE(14:0_22:5)","PE(14:0_22:5)"
"389","PE(14:0_22:6)","PE(14:0_22:6)"
"390","PE(14:1_14:1)","PE(14:1_14:1)"
"391","PE(16:0_14:0)","PE(16:0_14:0)"
"392","PE(16:0_16:0)","PE(16:0_16:0)"
"393","PE(16:0_16:1)","PE(16:0_16:1)"
"394","PE(16:0_18:1)","PE(16:0_18:1)"
"395","PE(16:0_18:2)","PE(16:0_18:2)"
"396","PE(16:0_18:3)","PE(16:0_18:3)"
"397","PE(16:0_20:1)","PE(16:0_20:1)"
"398","PE(16:0_20:2)","PE(16:0_20:2)"
"399","PE(16:0_20:3)","PE(16:0_20:3)"
"400","PE(16:0_20:4)","PE(16:0_20:4)"
"401","PE(16:0_20:5)","PE(16:0_20:5)"
"402","PE(16:0_22:4)","PE(16:0_22:4)"
"403","PE(16:0_22:5)","PE(16:0_22:5)"
"404","PE(16:0_22:6)","PE(16:0_22:6)"
"405","PE(18:0_14:0)","PE(18:0_14:0)"
"406","PE(18:0_16:0)","PE(18:0_16:0)"
"407","PE(18:0_16:1)","PE(18:0_16:1)"
"408","PE(18:0_18:0)","PE(18:0_18:0)"
"409","PE(18:0_18:1)","PE(18:0_18:1)"
"410","PE(18:0_18:2)","PE(18:0_18:2)"
"411","PE(18:0_18:3)","PE(18:0_18:3)"
"412","PE(18:0_20:1)","PE(18:0_20:1)"
"413","PE(18:0_20:2)","PE(18:0_20:2)"
"414","PE(18:0_20:3)","PE(18:0_20:3)"
"415","PE(18:0_20:4)","PE(18:0_20:4)"
"416","PE(18:0_20:5)","PE(18:0_20:5)"
"417","PE(18:0_22:4)","PE(18:0_22:4)"
"418","PE(18:0_22:5)","PE(18:0_22:5)"
"419","PE(18:0_22:6)","PE(18:0_22:6)"
"420","PE(18:1_16:1)","PE(18:1_16:1)"
"421","PE(18:1_18:1)","PE(18:1_18:1)"
"422","PE(18:1_18:2)","PE(18:1_18:2)"
"423","PE(18:1_18:3)","PE(18:1_18:3)"
"424","PE(18:1_20:1)","PE(18:1_20:1)"
"425","PE(18:1_20:2)","PE(18:1_20:2)"
"426","PE(18:1_20:3)","PE(18:1_20:3)"
"427","PE(18:1_20:4)","PE(18:1_20:4)"
"428","PE(18:1_20:5)","PE(18:1_20:5)"
"429","PE(18:1_22:4)","PE(18:1_22:4)"
"430","PE(18:1_22:5)","PE(18:1_22:5)"
"431","PE(18:1_22:6)","PE(18:1_22:6)"
"432","PE(18:2_16:1)","PE(18:2_16:1)"
"433","PE(18:2_18:2)","PE(18:2_18:2)"
"434","PE(18:2_18:3)","PE(18:2_18:3)"
"435","PE(18:2_20:1)","PE(18:2_20:1)"
"436","PE(18:2_20:2)","PE(18:2_20:2)"
"437","PE(18:2_20:3)","PE(18:2_20:3)"
"438","PE(18:2_20:4)","PE(18:2_20:4)"
"439","PE(18:2_20:5)","PE(18:2_20:5)"
"440","PE(18:2_22:4)","PE(18:2_22:4)"
"441","PE(18:2_22:5)","PE(18:2_22:5)"
"442","PE(18:2_22:6)","PE(18:2_22:6)"
"443","PE(O-16:0_16:0)","PE(O-16:0_16:0)"
"444","PE(O-16:0_16:1)","PE(O-16:0_16:1)"
"445","PE(O-16:0_18:0)","PE(O-16:0_18:0)"
"446","PE(O-16:0_18:1)","PE(O-16:0_18:1)"
"447","PE(O-16:0_18:2)","PE(O-16:0_18:2)"
"448","PE(O-16:0_18:3)","PE(O-16:0_18:3)"
"449","PE(O-16:0_20:1)","PE(O-16:0_20:1)"
"450","PE(O-16:0_20:2)","PE(O-16:0_20:2)"
"451","PE(O-16:0_20:3)","PE(O-16:0_20:3)"
"452","PE(O-16:0_20:4)","PE(O-16:0_20:4)"
"453","PE(O-16:0_20:5)","PE(O-16:0_20:5)"
"454","PE(O-16:0_22:4)","PE(O-16:0_22:4)"
"455","PE(O-16:0_22:5)","PE(O-16:0_22:5)"
"456","PE(O-16:0_22:6)","PE(O-16:0_22:6)"
"457","PE(O-18:0_16:0)","PE(O-18:0_16:0)"
"458","PE(O-18:0_16:1)","PE(O-18:0_16:1)"
"459","PE(O-18:0_18:0)","PE(O-18:0_18:0)"
"460","PE(O-18:0_18:1)","PE(O-18:0_18:1)"
"461","PE(O-18:0_18:2)","PE(O-18:0_18:2)"
"462","PE(O-18:0_18:3)","PE(O-18:0_18:3)"
"463","PE(O-18:0_20:1)","PE(O-18:0_20:1)"
"464","PE(O-18:0_20:2)","PE(O-18:0_20:2)"
"465","PE(O-18:0_20:3)","PE(O-18:0_20:3)"
"466","PE(O-18:0_20:4)","PE(O-18:0_20:4)"
"467","PE(O-18:0_20:5)","PE(O-18:0_20:5)"
"468","PE(O-18:0_22:4)","PE(O-18:0_22:4)"
"469","PE(O-18:0_22:5)","PE(O-18:0_22:5)"
"470","PE(O-18:0_22:6)","PE(O-18:0_22:6)"
"471","PE(P-14:0_18:0)","PE(P-14:0_18:0)"
"472","PE(P-14:0_18:1)","PE(P-14:0_18:1)"
"473","PE(P-16:0_16:0)","PE(P-16:0_16:0)"
"474","PE(P-16:0_16:1)","PE(P-16:0_16:1)"
"475","PE(P-16:0_18:0)","PE(P-16:0_18:0)"
"476","PE(P-16:0_18:1)","PE(P-16:0_18:1)"
"477","PE(P-16:0_18:2)","PE(P-16:0_18:2)"
"478","PE(P-16:0_18:3)","PE(P-16:0_18:3)"
"479","PE(P-16:0_20:1)","PE(P-16:0_20:1)"
"480","PE(P-16:0_20:2)","PE(P-16:0_20:2)"
"481","PE(P-16:0_20:3)","PE(P-16:0_20:3)"
"482","PE(P-16:0_20:4)","PE(P-16:0_20:4)"
"483","PE(P-16:0_20:5)","PE(P-16:0_20:5)"
"484","PE(P-16:0_22:4)","PE(P-16:0_22:4)"
"485","PE(P-16:0_22:5)","PE(P-16:0_22:5)"
"486","PE(P-16:0_22:6)","PE(P-16:0_22:6)"
"487","PE(P-16:1_18:1)","PE(P-16:1_18:1)"
"488","PE(P-18:0_16:0)","PE(P-18:0_16:0)"
"489","PE(P-18:0_16:1)","PE(P-18:0_16:1)"
"490","PE(P-18:0_18:0)","PE(P-18:0_18:0)"
"491","PE(P-18:0_18:1)","PE(P-18:0_18:1)"
"492","PE(P-18:0_18:2)","PE(P-18:0_18:2)"
"493","PE(P-18:0_18:3)","PE(P-18:0_18:3)"
"494","PE(P-18:0_20:1)","PE(P-18:0_20:1)"
"495","PE(P-18:0_20:2)","PE(P-18:0_20:2)"
"496","PE(P-18:0_20:3)","PE(P-18:0_20:3)"
"497","PE(P-18:0_20:4)","PE(P-18:0_20:4)"
"498","PE(P-18:0_20:5)","PE(P-18:0_20:5)"
"499","PE(P-18:0_22:4)","PE(P-18:0_22:4)"
"500","PE(P-18:0_22:5)","PE(P-18:0_22:5)"
"501","PE(P-18:0_22:6)","PE(P-18:0_22:6)"
"502","PE(P-18:1_16:0)","PE(P-18:1_16:0)"
"503","PE(P-18:1_16:1)","PE(P-18:1_16:1)"
"504","PE(P-18:1_18:0)","PE(P-18:1_18:0)"
"505","PE(P-18:1_18:1)","PE(P-18:1_18:1)"
"506","PE(P-18:1_18:2)","PE(P-18:1_18:2)"
"507","PE(P-18:1_18:3)","PE(P-18:1_18:3)"
"508","PE(P-18:1_20:1)","PE(P-18:1_20:1)"
"509","PE(P-18:1_20:2)","PE(P-18:1_20:2)"
"510","PE(P-18:1_20:3)","PE(P-18:1_20:3)"
"511","PE(P-18:1_20:4)","PE(P-18:1_20:4)"
"512","PE(P-18:1_20:5)","PE(P-18:1_20:5)"
"513","PE(P-18:1_22:4)","PE(P-18:1_22:4)"
"514","PE(P-18:1_22:5)","PE(P-18:1_22:5)"
"515","PE(P-18:1_22:6)","PE(P-18:1_22:6)"
"516","PE(P-18:2_18:2)","PE(P-18:2_18:2)"
"517","PE(P-18:2_20:4)","PE(P-18:2_20:4)"
"518","PE(P-18:2_22:6)","PE(P-18:2_22:6)"
"519","SIL_17:0-14:1 PE-d5","SIL_PE(17:0_14:1)_d5"
"520","SIL_17:0-16:1 PE-d5","SIL_PE(17:0_16:1)_d5"
"521","SIL_17:0-18:1 PE-d5","SIL_PE(17:0_18:1)_d5"
"522","SIL_17:0-20:3 PE-d5","SIL_PE(17:0_20:3)_d5"
"523","SIL_17:0-22:4 PE-d5","SIL_PE(17:0_22:4)_d5"
"524","PG(14:0_14:0)","PG(14:0_14:0)"
"525","PG(14:0_18:1)","PG(14:0_18:1)"
"526","PG(14:0_18:2)","PG(14:0_18:2)"
"527","PG(14:0_18:3)","PG(14:0_18:3)"
"528","PG(14:0_20:1)","PG(14:0_20:1)"
"529","PG(14:0_20:2)","PG(14:0_20:2)"
"530","PG(14:0_20:3)","PG(14:0_20:3)"
"531","PG(14:0_20:4)","PG(14:0_20:4)"
"532","PG(14:0_20:5)","PG(14:0_20:5)"
"533","PG(14:0_22:4)","PG(14:0_22:4)"
"534","PG(14:0_22:5)","PG(14:0_22:5)"
"535","PG(14:0_22:6)","PG(14:0_22:6)"
"536","PG(14:1_14:1)","PG(14:1_14:1)"
"537","PG(16:0_14:0)","PG(16:0_14:0)"
"538","PG(16:0_16:0)","PG(16:0_16:0)"
"539","PG(16:0_16:1)","PG(16:0_16:1)"
"540","PG(16:0_18:0)","PG(16:0_18:0)"
"541","PG(16:0_18:1)","PG(16:0_18:1)"
"542","PG(16:0_18:2)","PG(16:0_18:2)"
"543","PG(16:0_18:3)","PG(16:0_18:3)"
"544","PG(16:0_20:1)","PG(16:0_20:1)"
"545","PG(16:0_20:2)","PG(16:0_20:2)"
"546","PG(16:0_20:3)","PG(16:0_20:3)"
"547","PG(16:0_20:4)","PG(16:0_20:4)"
"548","PG(16:0_20:5)","PG(16:0_20:5)"
"549","PG(16:0_22:4)","PG(16:0_22:4)"
"550","PG(16:0_22:5)","PG(16:0_22:5)"
"551","PG(16:0_22:6)","PG(16:0_22:6)"
"552","PG(18:0_14:0)","PG(18:0_14:0)"
"553","PG(18:0_16:1)","PG(18:0_16:1)"
"554","PG(18:0_18:0)","PG(18:0_18:0)"
"555","PG(18:0_18:1)","PG(18:0_18:1)"
"556","PG(18:0_18:2)","PG(18:0_18:2)"
"557","PG(18:0_18:3)","PG(18:0_18:3)"
"558","PG(18:0_20:0)","PG(18:0_20:0)"
"559","PG(18:0_20:1)","PG(18:0_20:1)"
"560","PG(18:0_20:2)","PG(18:0_20:2)"
"561","PG(18:0_20:3)","PG(18:0_20:3)"
"562","PG(18:0_20:4)","PG(18:0_20:4)"
"563","PG(18:0_20:5)","PG(18:0_20:5)"
"564","PG(18:0_22:4)","PG(18:0_22:4)"
"565","PG(18:0_22:5)","PG(18:0_22:5)"
"566","PG(18:0_22:6)","PG(18:0_22:6)"
"567","PG(18:1_16:1)","PG(18:1_16:1)"
"568","PG(18:1_18:1)","PG(18:1_18:1)"
"569","PG(18:1_18:2)","PG(18:1_18:2)"
"570","PG(18:1_18:3)","PG(18:1_18:3)"
"571","PG(18:1_20:1)","PG(18:1_20:1)"
"572","PG(18:1_20:2)","PG(18:1_20:2)"
"573","PG(18:1_20:3)","PG(18:1_20:3)"
"574","PG(18:1_20:4)","PG(18:1_20:4)"
"575","PG(18:1_20:5)","PG(18:1_20:5)"
"576","PG(18:1_22:4)","PG(18:1_22:4)"
"577","PG(18:1_22:5)","PG(18:1_22:5)"
"578","PG(18:1_22:6)","PG(18:1_22:6)"
"579","PG(18:2_16:1)","PG(18:2_16:1)"
"580","PG(18:2_18:2)","PG(18:2_18:2)"
"581","PG(18:2_18:3)","PG(18:2_18:3)"
"582","PG(18:2_20:1)","PG(18:2_20:1)"
"583","PG(18:2_20:2)","PG(18:2_20:2)"
"584","PG(18:2_20:3)","PG(18:2_20:3)"
"585","PG(18:2_20:4)","PG(18:2_20:4)"
"586","PG(18:2_20:5)","PG(18:2_20:5)"
"587","PG(18:2_22:4)","PG(18:2_22:4)"
"588","PG(18:2_22:5)","PG(18:2_22:5)"
"589","PG(18:2_22:6)","PG(18:2_22:6)"
"590","PG(20:0_16:1)","PG(20:0_16:1)"
"591","PG(20:0_18:1)","PG(20:0_18:1)"
"592","PG(20:0_18:2)","PG(20:0_18:2)"
"593","PG(20:0_18:3)","PG(20:0_18:3)"
"594","PG(20:0_20:1)","PG(20:0_20:1)"
"595","PG(20:0_20:2)","PG(20:0_20:2)"
"596","PG(20:0_20:3)","PG(20:0_20:3)"
"597","PG(20:0_20:4)","PG(20:0_20:4)"
"598","PG(20:0_20:5)","PG(20:0_20:5)"
"599","PG(20:0_22:4)","PG(20:0_22:4)"
"600","PG(20:0_22:5)","PG(20:0_22:5)"
"601","PG(20:0_22:6)","PG(20:0_22:6)"
"602","SIL_17:0-14:1 PG-d5","SIL_PG(17:0_14:1)_d5"
"603","SIL_17:0-16:1 PG-d5","SIL_PG(17:0_16:1)_d5"
"604","SIL_17:0-18:1 PG-d5","SIL_PG(17:0_18:1)_d5"
"605","SIL_17:0-20:3 PG-d5","SIL_PG(17:0_20:3)_d5"
"606","SIL_17:0-22:4 PG-d5","SIL_PG(17:0_22:4)_d5"
"607","PI(14:0_14:0)","PI(14:0_14:0)"
"608","PI(14:0_18:1)","PI(14:0_18:1)"
"609","PI(14:0_18:2)","PI(14:0_18:2)"
"610","PI(14:0_18:3)","PI(14:0_18:3)"
"611","PI(14:0_20:1)","PI(14:0_20:1)"
"612","PI(14:0_20:2)","PI(14:0_20:2)"
"613","PI(14:0_20:3)","PI(14:0_20:3)"
"614","PI(14:0_20:4)","PI(14:0_20:4)"
"615","PI(14:0_20:5)","PI(14:0_20:5)"
"616","PI(14:0_22:4)","PI(14:0_22:4)"
"617","PI(14:0_22:5)","PI(14:0_22:5)"
"618","PI(14:0_22:6)","PI(14:0_22:6)"
"619","PI(14:1_14:1)","PI(14:1_14:1)"
"620","PI(16:0_14:0)","PI(16:0_14:0)"
"621","PI(16:0_16:0)","PI(16:0_16:0)"
"622","PI(16:0_16:1)","PI(16:0_16:1)"
"623","PI(16:0_18:0)","PI(16:0_18:0)"
"624","PI(16:0_18:1)","PI(16:0_18:1)"
"625","PI(16:0_18:2)","PI(16:0_18:2)"
"626","PI(16:0_18:3)","PI(16:0_18:3)"
"627","PI(16:0_20:1)","PI(16:0_20:1)"
"628","PI(16:0_20:2)","PI(16:0_20:2)"
"629","PI(16:0_20:3)","PI(16:0_20:3)"
"630","PI(16:0_20:4)","PI(16:0_20:4)"
"631","PI(16:0_20:5)","PI(16:0_20:5)"
"632","PI(16:0_22:4)","PI(16:0_22:4)"
"633","PI(16:0_22:5)","PI(16:0_22:5)"
"634","PI(16:0_22:6)","PI(16:0_22:6)"
"635","PI(18:0_14:0)","PI(18:0_14:0)"
"636","PI(18:0_16:1)","PI(18:0_16:1)"
"637","PI(18:0_18:0)","PI(18:0_18:0)"
"638","PI(18:0_18:1)","PI(18:0_18:1)"
"639","PI(18:0_18:2)","PI(18:0_18:2)"
"640","PI(18:0_18:3)","PI(18:0_18:3)"
"641","PI(18:0_20:0)","PI(18:0_20:0)"
"642","PI(18:0_20:1)","PI(18:0_20:1)"
"643","PI(18:0_20:2)","PI(18:0_20:2)"
"644","PI(18:0_20:3)","PI(18:0_20:3)"
"645","PI(18:0_20:4)","PI(18:0_20:4)"
"646","PI(18:0_20:5)","PI(18:0_20:5)"
"647","PI(18:0_22:4)","PI(18:0_22:4)"
"648","PI(18:0_22:5)","PI(18:0_22:5)"
"649","PI(18:0_22:6)","PI(18:0_22:6)"
"650","PI(18:1_16:1)","PI(18:1_16:1)"
"651","PI(18:1_18:1)","PI(18:1_18:1)"
"652","PI(18:1_18:2)","PI(18:1_18:2)"
"653","PI(18:1_18:3)","PI(18:1_18:3)"
"654","PI(18:1_20:1)","PI(18:1_20:1)"
"655","PI(18:1_20:2)","PI(18:1_20:2)"
"656","PI(18:1_20:3)","PI(18:1_20:3)"
"657","PI(18:1_20:4)","PI(18:1_20:4)"
"658","PI(18:1_20:5)","PI(18:1_20:5)"
"659","PI(18:1_22:4)","PI(18:1_22:4)"
"660","PI(18:1_22:5)","PI(18:1_22:5)"
"661","PI(18:1_22:6)","PI(18:1_22:6)"
"662","PI(18:2_16:1)","PI(18:2_16:1)"
"663","PI(18:2_18:2)","PI(18:2_18:2)"
"664","PI(18:2_18:3)","PI(18:2_18:3)"
"665","PI(18:2_20:1)","PI(18:2_20:1)"
"666","PI(18:2_20:2)","PI(18:2_20:2)"
"667","PI(18:2_20:3)","PI(18:2_20:3)"
"668","PI(18:2_20:4)","PI(18:2_20:4)"
"669","PI(18:2_20:5)","PI(18:2_20:5)"
"670","PI(18:2_22:4)","PI(18:2_22:4)"
"671","PI(18:2_22:5)","PI(18:2_22:5)"
"672","PI(18:2_22:6)","PI(18:2_22:6)"
"673","PI(20:0_16:1)","PI(20:0_16:1)"
"674","PI(20:0_18:1)","PI(20:0_18:1)"
"675","PI(20:0_18:2)","PI(20:0_18:2)"
"676","PI(20:0_18:3)","PI(20:0_18:3)"
"677","PI(20:0_20:1)","PI(20:0_20:1)"
"678","PI(20:0_20:2)","PI(20:0_20:2)"
"679","PI(20:0_20:3)","PI(20:0_20:3)"
"680","PI(20:0_20:4)","PI(20:0_20:4)"
"681","PI(20:0_20:5)","PI(20:0_20:5)"
"682","PI(20:0_22:5)","PI(20:0_22:5)"
"683","PI(20:0_22:6)","PI(20:0_22:6)"
"684","SIL_17:0-14:1 PI-d5","SIL_PI(17:0_14:1)_d5"
"685","SIL_17:0-16:1 PI-d5","SIL_PI(17:0_16:1)_d5"
"686","SIL_17:0-18:1 PI-d5","SIL_PI(17:0_18:1)_d5"
"687","SIL_17:0-20:3 PI-d5","SIL_PI(17:0_20:3)_d5"
"688","SIL_17:0-22:4 PI-d5","SIL_PI(17:0_22:4)_d5"
"689","PS(14:0_14:0)","PS(14:0_14:0)"
"690","PS(14:0_18:1)","PS(14:0_18:1)"
"691","PS(14:0_18:2)","PS(14:0_18:2)"
"692","PS(14:0_18:3)","PS(14:0_18:3)"
"693","PS(14:0_20:1)","PS(14:0_20:1)"
"694","PS(14:0_20:2)","PS(14:0_20:2)"
"695","PS(14:0_20:3)","PS(14:0_20:3)"
"696","PS(14:0_20:4)","PS(14:0_20:4)"
"697","PS(14:0_20:5)","PS(14:0_20:5)"
"698","PS(14:0_22:4)","PS(14:0_22:4)"
"699","PS(14:0_22:5)","PS(14:0_22:5)"
"700","PS(14:0_22:6)","PS(14:0_22:6)"
"701","PS(14:1_14:1)","PS(14:1_14:1)"
"702","PS(16:0_14:0)","PS(16:0_14:0)"
"703","PS(16:0_16:0)","PS(16:0_16:0)"
"704","PS(16:0_16:1)","PS(16:0_16:1)"
"705","PS(16:0_18:0)","PS(16:0_18:0)"
"706","PS(16:0_18:1)","PS(16:0_18:1)"
"707","PS(16:0_18:2)","PS(16:0_18:2)"
"708","PS(16:0_18:3)","PS(16:0_18:3)"
"709","PS(16:0_20:1)","PS(16:0_20:1)"
"710","PS(16:0_20:2)","PS(16:0_20:2)"
"711","PS(16:0_20:3)","PS(16:0_20:3)"
"712","PS(16:0_20:4)","PS(16:0_20:4)"
"713","PS(16:0_20:5)","PS(16:0_20:5)"
"714","PS(16:0_22:4)","PS(16:0_22:4)"
"715","PS(16:0_22:5)","PS(16:0_22:5)"
"716","PS(16:0_22:6)","PS(16:0_22:6)"
"717","PS(18:0_14:0)","PS(18:0_14:0)"
"718","PS(18:0_16:1)","PS(18:0_16:1)"
"719","PS(18:0_18:0)","PS(18:0_18:0)"
"720","PS(18:0_18:1)","PS(18:0_18:1)"
"721","PS(18:0_18:2)","PS(18:0_18:2)"
"722","PS(18:0_18:3)","PS(18:0_18:3)"
"723","PS(18:0_20:0)","PS(18:0_20:0)"
"724","PS(18:0_20:1)","PS(18:0_20:1)"
"725","PS(18:0_20:2)","PS(18:0_20:2)"
"726","PS(18:0_20:3)","PS(18:0_20:3)"
"727","PS(18:0_20:4)","PS(18:0_20:4)"
"728","PS(18:0_20:5)","PS(18:0_20:5)"
"729","PS(18:0_22:4)","PS(18:0_22:4)"
"730","PS(18:0_22:5)","PS(18:0_22:5)"
"731","PS(18:0_22:6)","PS(18:0_22:6)"
"732","PS(18:1_16:1)","PS(18:1_16:1)"
"733","PS(18:1_18:1)","PS(18:1_18:1)"
"734","PS(18:1_18:2)","PS(18:1_18:2)"
"735","PS(18:1_18:3)","PS(18:1_18:3)"
"736","PS(18:1_20:1)","PS(18:1_20:1)"
"737","PS(18:1_20:2)","PS(18:1_20:2)"
"738","PS(18:1_20:3)","PS(18:1_20:3)"
"739","PS(18:1_20:4)","PS(18:1_20:4)"
"740","PS(18:1_20:5)","PS(18:1_20:5)"
"741","PS(18:1_22:4)","PS(18:1_22:4)"
"742","PS(18:1_22:5)","PS(18:1_22:5)"
"743","PS(18:1_22:6)","PS(18:1_22:6)"
"744","PS(18:2_16:1)","PS(18:2_16:1)"
"745","PS(18:2_18:2)","PS(18:2_18:2)"
"746","PS(18:2_18:3)","PS(18:2_18:3)"
"747","PS(18:2_20:1)","PS(18:2_20:1)"
"748","PS(18:2_20:2)","PS(18:2_20:2)"
"749","PS(18:2_20:3)","PS(18:2_20:3)"
"750","PS(18:2_20:4)","PS(18:2_20:4)"
"751","PS(18:2_20:5)","PS(18:2_20:5)"
"752","PS(18:2_22:4)","PS(18:2_22:4)"
"753","PS(18:2_22:5)","PS(18:2_22:5)"
"754","PS(18:2_22:6)","PS(18:2_22:6)"
"755","PS(20:0_16:1)","PS(20:0_16:1)"
"756","PS(20:0_18:1)","PS(20:0_18:1)"
"757","PS(20:0_18:2)","PS(20:0_18:2)"
"758","PS(20:0_18:3)","PS(20:0_18:3)"
"759","PS(20:0_20:1)","PS(20:0_20:1)"
"760","PS(20:0_20:2)","PS(20:0_20:2)"
"761","PS(20:0_20:3)","PS(20:0_20:3)"
"762","PS(20:0_20:4)","PS(20:0_20:4)"
"763","PS(20:0_20:5)","PS(20:0_20:5)"
"764","PS(20:0_22:4)","PS(20:0_22:4)"
"765","PS(20:0_22:5)","PS(20:0_22:5)"
"766","PS(20:0_22:6)","PS(20:0_22:6)"
"767","SIL_17:0-14:1 PS-d5","SIL_PS(17:0_14:1)_d5"
"768","SIL_17:0-16:1 PS-d5","SIL_PS(17:0_16:1)_d5"
"769","SIL_17:0-18:1 PS-d5","SIL_PS(17:0_18:1)_d5"
"770","SIL_17:0-20:3 PS-d5","SIL_PS(17:0_20:3)_d5"
"771","SIL_17:0-22:4 PS-d5","SIL_PS(17:0_22:4)_d5"
"772","SM(14:0)","SM(d18:1/14:0)"
"773","SM(16:0)","SM(d18:1/16:0)"
"774","SM(18:0)","SM(d18:1/18:0)"
"775","SM(18:1)","SM(d18:1/18:1)"
"776","SM(20:0)","SM(d18:1/20:0)"
"777","SM(20:1)","SM(d18:1/20:1)"
"778","SM(22:0)","SM(d18:1/22:0)"
"779","SM(22:1)","SM(d18:1/22:1)"
"780","SM(24:0)","SM(d18:1/24:0)"
"781","SM(24:1)","SM(d18:1/24:1)"
"782","SM(26:0)","SM(d18:1/26:0)"
"783","SM(26:1)","SM(d18:1/26:1)"
"784","SIL_15:0 SM (d18:1/15:0)-D9","SIL_SM(d18:1/15:0)_d9"
"785","SIL_16:1 SM (d18:1/16:1)-d9","SIL_SM(d18:1/16:1)_d9"
"786","SIL_18:1 SM (d18:1/18:1)-d9","SIL_SM(d18:1/18:1)_d9"
"787","SIL_20:1 SM (d18:1/20:1)-d9","SIL_SM(d18:1/20:1)_d9"
"788","SIL_22:1 SM (d18:1/22:1)-d9","SIL_SM(d18:1/22:1)_d9"
"789","SIL_24:1 SM (d18:1/24:1)-d9","SIL_SM(d18:1/24:1)_d9"
"790","TAG(40:0_FA14:0)","TG(40:0_FA14:0)"
"791","TAG(40:0_FA16:0)","TG(40:0_FA16:0)"
"792","TAG(42:0_FA14:0)","TG(42:0_FA14:0)"
"793","TAG(42:0_FA16:0)","TG(42:0_FA16:0)"
"794","TAG(42:1_FA14:0)","TG(42:1_FA14:0)"
"795","TAG(42:1_FA16:0)","TG(42:1_FA16:0)"
"796","TAG(42:1_FA16:1)","TG(42:1_FA16:1)"
"797","TAG(42:1_FA18:1)","TG(42:1_FA18:1)"
"798","TAG(42:2_FA18:2)","TG(42:2_FA18:2)"
"799","TAG(44:0_FA14:0)","TG(44:0_FA14:0)"
"800","TAG(44:0_FA16:0)","TG(44:0_FA16:0)"
"801","TAG(44:0_FA18:0)","TG(44:0_FA18:0)"
"802","TAG(44:1_FA14:0)","TG(44:1_FA14:0)"
"803","TAG(44:1_FA16:0)","TG(44:1_FA16:0)"
"804","TAG(44:1_FA16:1)","TG(44:1_FA16:1)"
"805","TAG(44:1_FA18:1)","TG(44:1_FA18:1)"
"806","TAG(44:2_FA14:0)","TG(44:2_FA14:0)"
"807","TAG(44:2_FA16:0)","TG(44:2_FA16:0)"
"808","TAG(44:2_FA16:1)","TG(44:2_FA16:1)"
"809","TAG(44:2_FA18:1)","TG(44:2_FA18:1)"
"810","TAG(44:2_FA18:2)","TG(44:2_FA18:2)"
"811","TAG(44:3_FA18:2)","TG(44:3_FA18:2)"
"812","TAG(45:0_FA14:0)","TG(45:0_FA14:0)"
"813","TAG(45:0_FA16:0)","TG(45:0_FA16:0)"
"814","TAG(45:1_FA16:0)","TG(45:1_FA16:0)"
"815","TAG(45:1_FA18:1)","TG(45:1_FA18:1)"
"816","TAG(46:0_FA14:0)","TG(46:0_FA14:0)"
"817","TAG(46:0_FA16:0)","TG(46:0_FA16:0)"
"818","TAG(46:0_FA18:0)","TG(46:0_FA18:0)"
"819","TAG(46:1_FA14:0)","TG(46:1_FA14:0)"
"820","TAG(46:1_FA16:0)","TG(46:1_FA16:0)"
"821","TAG(46:1_FA16:1)","TG(46:1_FA16:1)"
"822","TAG(46:1_FA18:0)","TG(46:1_FA18:0)"
"823","TAG(46:1_FA18:1)","TG(46:1_FA18:1)"
"824","TAG(46:2_FA14:0)","TG(46:2_FA14:0)"
"825","TAG(46:2_FA16:0)","TG(46:2_FA16:0)"
"826","TAG(46:2_FA16:1)","TG(46:2_FA16:1)"
"827","TAG(46:2_FA18:1)","TG(46:2_FA18:1)"
"828","TAG(46:2_FA18:2)","TG(46:2_FA18:2)"
"829","TAG(46:3_FA14:0)","TG(46:3_FA14:0)"
"830","TAG(46:3_FA16:0)","TG(46:3_FA16:0)"
"831","TAG(46:3_FA16:1)","TG(46:3_FA16:1)"
"832","TAG(46:3_FA18:1)","TG(46:3_FA18:1)"
"833","TAG(46:3_FA18:2)","TG(46:3_FA18:2)"
"834","TAG(46:3_FA18:3)","TG(46:3_FA18:3)"
"835","TAG(46:4_FA18:2)","TG(46:4_FA18:2)"
"836","TAG(47:0_FA14:0)","TG(47:0_FA14:0)"
"837","TAG(47:0_FA16:0)","TG(47:0_FA16:0)"
"838","TAG(47:0_FA17:0)","TG(47:0_FA17:0)"
"839","TAG(47:1_FA14:0)","TG(47:1_FA14:0)"
"840","TAG(47:1_FA16:0)","TG(47:1_FA16:0)"
"841","TAG(47:1_FA16:1)","TG(47:1_FA16:1)"
"842","TAG(47:1_FA17:0)","TG(47:1_FA17:0)"
"843","TAG(47:1_FA18:1)","TG(47:1_FA18:1)"
"844","TAG(47:2_FA14:0)","TG(47:2_FA14:0)"
"845","TAG(47:2_FA16:1)","TG(47:2_FA16:1)"
"846","TAG(47:2_FA18:1)","TG(47:2_FA18:1)"
"847","TAG(47:2_FA18:2)","TG(47:2_FA18:2)"
"848","TAG(48:0_FA14:0)","TG(48:0_FA14:0)"
"849","TAG(48:0_FA16:0)","TG(48:0_FA16:0)"
"850","TAG(48:0_FA18:0)","TG(48:0_FA18:0)"
"851","TAG(48:1_FA14:0)","TG(48:1_FA14:0)"
"852","TAG(48:1_FA16:0)","TG(48:1_FA16:0)"
"853","TAG(48:1_FA16:1)","TG(48:1_FA16:1)"
"854","TAG(48:1_FA18:0)","TG(48:1_FA18:0)"
"855","TAG(48:1_FA18:1)","TG(48:1_FA18:1)"
"856","TAG(48:2_FA14:0)","TG(48:2_FA14:0)"
"857","TAG(48:2_FA16:0)","TG(48:2_FA16:0)"
"858","TAG(48:2_FA16:1)","TG(48:2_FA16:1)"
"859","TAG(48:2_FA18:0)","TG(48:2_FA18:0)"
"860","TAG(48:2_FA18:1)","TG(48:2_FA18:1)"
"861","TAG(48:2_FA18:2)","TG(48:2_FA18:2)"
"862","TAG(48:3_FA14:0)","TG(48:3_FA14:0)"
"863","TAG(48:3_FA16:0)","TG(48:3_FA16:0)"
"864","TAG(48:3_FA16:1)","TG(48:3_FA16:1)"
"865","TAG(48:3_FA18:1)","TG(48:3_FA18:1)"
"866","TAG(48:3_FA18:2)","TG(48:3_FA18:2)"
"867","TAG(48:3_FA18:3)","TG(48:3_FA18:3)"
"868","TAG(48:4_FA14:0)","TG(48:4_FA14:0)"
"869","TAG(48:4_FA16:0)","TG(48:4_FA16:0)"
"870","TAG(48:4_FA16:1)","TG(48:4_FA16:1)"
"871","TAG(48:4_FA18:1)","TG(48:4_FA18:1)"
"872","TAG(48:4_FA18:2)","TG(48:4_FA18:2)"
"873","TAG(48:4_FA18:3)","TG(48:4_FA18:3)"
"874","TAG(48:4_FA20:4)","TG(48:4_FA20:4)"
"875","TAG(48:5_FA18:2)","TG(48:5_FA18:2)"
"876","TAG(48:5_FA18:3)","TG(48:5_FA18:3)"
"877","TAG(49:0_FA16:0)","TG(49:0_FA16:0)"
"878","TAG(49:0_FA17:0)","TG(49:0_FA17:0)"
"879","TAG(49:0_FA18:0)","TG(49:0_FA18:0)"
"880","TAG(49:1_FA14:0)","TG(49:1_FA14:0)"
"881","TAG(49:1_FA16:0)","TG(49:1_FA16:0)"
"882","TAG(49:1_FA16:1)","TG(49:1_FA16:1)"
"883","TAG(49:1_FA17:0)","TG(49:1_FA17:0)"
"884","TAG(49:1_FA18:1)","TG(49:1_FA18:1)"
"885","TAG(49:2_FA14:0)","TG(49:2_FA14:0)"
"886","TAG(49:2_FA16:0)","TG(49:2_FA16:0)"
"887","TAG(49:2_FA16:1)","TG(49:2_FA16:1)"
"888","TAG(49:2_FA17:0)","TG(49:2_FA17:0)"
"889","TAG(49:2_FA18:1)","TG(49:2_FA18:1)"
"890","TAG(49:2_FA18:2)","TG(49:2_FA18:2)"
"891","TAG(49:3_FA16:0)","TG(49:3_FA16:0)"
"892","TAG(49:3_FA16:1)","TG(49:3_FA16:1)"
"893","TAG(49:3_FA18:2)","TG(49:3_FA18:2)"
"894","TAG(49:3_FA18:3)","TG(49:3_FA18:3)"
"895","TAG(50:0_FA14:0)","TG(50:0_FA14:0)"
"896","TAG(50:0_FA16:0)","TG(50:0_FA16:0)"
"897","TAG(50:0_FA18:0)","TG(50:0_FA18:0)"
"898","TAG(50:1_FA14:0)","TG(50:1_FA14:0)"
"899","TAG(50:1_FA16:0)","TG(50:1_FA16:0)"
"900","TAG(50:1_FA16:1)","TG(50:1_FA16:1)"
"901","TAG(50:1_FA18:0)","TG(50:1_FA18:0)"
"902","TAG(50:1_FA18:1)","TG(50:1_FA18:1)"
"903","TAG(50:1_FA20:1)","TG(50:1_FA20:1)"
"904","TAG(50:2_FA14:0)","TG(50:2_FA14:0)"
"905","TAG(50:2_FA16:0)","TG(50:2_FA16:0)"
"906","TAG(50:2_FA16:1)","TG(50:2_FA16:1)"
"907","TAG(50:2_FA18:0)","TG(50:2_FA18:0)"
"908","TAG(50:2_FA18:1)","TG(50:2_FA18:1)"
"909","TAG(50:2_FA18:2)","TG(50:2_FA18:2)"
"910","TAG(50:2_FA20:2)","TG(50:2_FA20:2)"
"911","TAG(50:3_FA14:0)","TG(50:3_FA14:0)"
"912","TAG(50:3_FA16:0)","TG(50:3_FA16:0)"
"913","TAG(50:3_FA16:1)","TG(50:3_FA16:1)"
"914","TAG(50:3_FA18:0)","TG(50:3_FA18:0)"
"915","TAG(50:3_FA18:1)","TG(50:3_FA18:1)"
"916","TAG(50:3_FA18:2)","TG(50:3_FA18:2)"
"917","TAG(50:3_FA18:3)","TG(50:3_FA18:3)"
"918","TAG(50:3_FA20:3)","TG(50:3_FA20:3)"
"919","TAG(50:4_FA14:0)","TG(50:4_FA14:0)"
"920","TAG(50:4_FA16:0)","TG(50:4_FA16:0)"
"921","TAG(50:4_FA16:1)","TG(50:4_FA16:1)"
"922","TAG(50:4_FA18:1)","TG(50:4_FA18:1)"
"923","TAG(50:4_FA18:2)","TG(50:4_FA18:2)"
"924","TAG(50:4_FA18:3)","TG(50:4_FA18:3)"
"925","TAG(50:4_FA20:3)","TG(50:4_FA20:3)"
"926","TAG(50:4_FA20:4)","TG(50:4_FA20:4)"
"927","TAG(50:5_FA14:0)","TG(50:5_FA14:0)"
"928","TAG(50:5_FA16:0)","TG(50:5_FA16:0)"
"929","TAG(50:5_FA16:1)","TG(50:5_FA16:1)"
"930","TAG(50:5_FA18:1)","TG(50:5_FA18:1)"
"931","TAG(50:5_FA18:2)","TG(50:5_FA18:2)"
"932","TAG(50:5_FA18:3)","TG(50:5_FA18:3)"
"933","TAG(50:5_FA20:4)","TG(50:5_FA20:4)"
"934","TAG(50:5_FA20:5)","TG(50:5_FA20:5)"
"935","TAG(50:6_FA20:4)","TG(50:6_FA20:4)"
"936","TAG(51:0_FA16:0)","TG(51:0_FA16:0)"
"937","TAG(51:0_FA17:0)","TG(51:0_FA17:0)"
"938","TAG(51:0_FA18:0)","TG(51:0_FA18:0)"
"939","TAG(51:1_FA16:0)","TG(51:1_FA16:0)"
"940","TAG(51:1_FA17:0)","TG(51:1_FA17:0)"
"941","TAG(51:1_FA18:0)","TG(51:1_FA18:0)"
"942","TAG(51:1_FA18:1)","TG(51:1_FA18:1)"
"943","TAG(51:2_FA16:0)","TG(51:2_FA16:0)"
"944","TAG(51:2_FA16:1)","TG(51:2_FA16:1)"
"945","TAG(51:2_FA17:0)","TG(51:2_FA17:0)"
"946","TAG(51:2_FA18:1)","TG(51:2_FA18:1)"
"947","TAG(51:2_FA18:2)","TG(51:2_FA18:2)"
"948","TAG(51:3_FA16:1)","TG(51:3_FA16:1)"
"949","TAG(51:3_FA17:0)","TG(51:3_FA17:0)"
"950","TAG(51:3_FA18:2)","TG(51:3_FA18:2)"
"951","TAG(51:3_FA18:3)","TG(51:3_FA18:3)"
"952","TAG(51:4_FA16:1)","TG(51:4_FA16:1)"
"953","TAG(51:4_FA18:2)","TG(51:4_FA18:2)"
"954","TAG(51:4_FA18:3)","TG(51:4_FA18:3)"
"955","TAG(51:4_FA20:4)","TG(51:4_FA20:4)"
"956","TAG(51:5_FA18:2)","TG(51:5_FA18:2)"
"957","TAG(51:5_FA18:3)","TG(51:5_FA18:3)"
"958","TAG(52:0_FA16:0)","TG(52:0_FA16:0)"
"959","TAG(52:0_FA18:0)","TG(52:0_FA18:0)"
"960","TAG(52:0_FA20:0)","TG(52:0_FA20:0)"
"961","TAG(52:1_FA16:0)","TG(52:1_FA16:0)"
"962","TAG(52:1_FA16:1)","TG(52:1_FA16:1)"
"963","TAG(52:1_FA18:0)","TG(52:1_FA18:0)"
"964","TAG(52:1_FA18:1)","TG(52:1_FA18:1)"
"965","TAG(52:1_FA20:0)","TG(52:1_FA20:0)"
"966","TAG(52:1_FA20:1)","TG(52:1_FA20:1)"
"967","TAG(52:2_FA14:0)","TG(52:2_FA14:0)"
"968","TAG(52:2_FA16:0)","TG(52:2_FA16:0)"
"969","TAG(52:2_FA16:1)","TG(52:2_FA16:1)"
"970","TAG(52:2_FA18:0)","TG(52:2_FA18:0)"
"971","TAG(52:2_FA18:1)","TG(52:2_FA18:1)"
"972","TAG(52:2_FA18:2)","TG(52:2_FA18:2)"
"973","TAG(52:2_FA20:0)","TG(52:2_FA20:0)"
"974","TAG(52:2_FA20:1)","TG(52:2_FA20:1)"
"975","TAG(52:2_FA20:2)","TG(52:2_FA20:2)"
"976","TAG(52:3_FA14:0)","TG(52:3_FA14:0)"
"977","TAG(52:3_FA16:0)","TG(52:3_FA16:0)"
"978","TAG(52:3_FA16:1)","TG(52:3_FA16:1)"
"979","TAG(52:3_FA18:0)","TG(52:3_FA18:0)"
"980","TAG(52:3_FA18:1)","TG(52:3_FA18:1)"
"981","TAG(52:3_FA18:2)","TG(52:3_FA18:2)"
"982","TAG(52:3_FA18:3)","TG(52:3_FA18:3)"
"983","TAG(52:3_FA20:0)","TG(52:3_FA20:0)"
"984","TAG(52:3_FA20:1)","TG(52:3_FA20:1)"
"985","TAG(52:3_FA20:2)","TG(52:3_FA20:2)"
"986","TAG(52:3_FA20:3)","TG(52:3_FA20:3)"
"987","TAG(52:4_FA14:0)","TG(52:4_FA14:0)"
"988","TAG(52:4_FA16:0)","TG(52:4_FA16:0)"
"989","TAG(52:4_FA16:1)","TG(52:4_FA16:1)"
"990","TAG(52:4_FA18:0)","TG(52:4_FA18:0)"
"991","TAG(52:4_FA18:1)","TG(52:4_FA18:1)"
"992","TAG(52:4_FA18:2)","TG(52:4_FA18:2)"
"993","TAG(52:4_FA18:3)","TG(52:4_FA18:3)"
"994","TAG(52:4_FA20:0)","TG(52:4_FA20:0)"
"995","TAG(52:4_FA20:2)","TG(52:4_FA20:2)"
"996","TAG(52:4_FA20:3)","TG(52:4_FA20:3)"
"997","TAG(52:4_FA20:4)","TG(52:4_FA20:4)"
"998","TAG(52:4_FA22:4)","TG(52:4_FA22:4)"
"999","TAG(52:5_FA14:0)","TG(52:5_FA14:0)"
"1000","TAG(52:5_FA16:0)","TG(52:5_FA16:0)"
"1001","TAG(52:5_FA16:1)","TG(52:5_FA16:1)"
"1002","TAG(52:5_FA18:1)","TG(52:5_FA18:1)"
"1003","TAG(52:5_FA18:2)","TG(52:5_FA18:2)"
"1004","TAG(52:5_FA18:3)","TG(52:5_FA18:3)"
"1005","TAG(52:5_FA20:3)","TG(52:5_FA20:3)"
"1006","TAG(52:5_FA20:4)","TG(52:5_FA20:4)"
"1007","TAG(52:5_FA20:5)","TG(52:5_FA20:5)"
"1008","TAG(52:5_FA22:5)","TG(52:5_FA22:5)"
"1009","TAG(52:6_FA14:0)","TG(52:6_FA14:0)"
"1010","TAG(52:6_FA16:0)","TG(52:6_FA16:0)"
"1011","TAG(52:6_FA16:1)","TG(52:6_FA16:1)"
"1012","TAG(52:6_FA18:1)","TG(52:6_FA18:1)"
"1013","TAG(52:6_FA18:2)","TG(52:6_FA18:2)"
"1014","TAG(52:6_FA18:3)","TG(52:6_FA18:3)"
"1015","TAG(52:6_FA20:4)","TG(52:6_FA20:4)"
"1016","TAG(52:6_FA20:5)","TG(52:6_FA20:5)"
"1017","TAG(52:6_FA22:6)","TG(52:6_FA22:6)"
"1018","TAG(52:7_FA16:0)","TG(52:7_FA16:0)"
"1019","TAG(52:7_FA18:1)","TG(52:7_FA18:1)"
"1020","TAG(52:7_FA20:5)","TG(52:7_FA20:5)"
"1021","TAG(52:7_FA22:6)","TG(52:7_FA22:6)"
"1022","TAG(52:8_FA16:1)","TG(52:8_FA16:1)"
"1023","TAG(52:8_FA18:2)","TG(52:8_FA18:2)"
"1024","TAG(53:0_FA16:0)","TG(53:0_FA16:0)"
"1025","TAG(53:1_FA16:0)","TG(53:1_FA16:0)"
"1026","TAG(53:1_FA17:0)","TG(53:1_FA17:0)"
"1027","TAG(53:1_FA18:0)","TG(53:1_FA18:0)"
"1028","TAG(53:1_FA18:1)","TG(53:1_FA18:1)"
"1029","TAG(53:2_FA16:0)","TG(53:2_FA16:0)"
"1030","TAG(53:2_FA17:0)","TG(53:2_FA17:0)"
"1031","TAG(53:2_FA18:1)","TG(53:2_FA18:1)"
"1032","TAG(53:2_FA18:2)","TG(53:2_FA18:2)"
"1033","TAG(53:3_FA16:0)","TG(53:3_FA16:0)"
"1034","TAG(53:3_FA17:0)","TG(53:3_FA17:0)"
"1035","TAG(53:3_FA18:2)","TG(53:3_FA18:2)"
"1036","TAG(53:4_FA16:0)","TG(53:4_FA16:0)"
"1037","TAG(53:4_FA17:0)","TG(53:4_FA17:0)"
"1038","TAG(53:4_FA18:2)","TG(53:4_FA18:2)"
"1039","TAG(53:4_FA18:3)","TG(53:4_FA18:3)"
"1040","TAG(53:4_FA20:4)","TG(53:4_FA20:4)"
"1041","TAG(53:5_FA20:4)","TG(53:5_FA20:4)"
"1042","TAG(53:6_FA20:4)","TG(53:6_FA20:4)"
"1043","TAG(54:0_FA16:0)","TG(54:0_FA16:0)"
"1044","TAG(54:0_FA18:0)","TG(54:0_FA18:0)"
"1045","TAG(54:1_FA16:0)","TG(54:1_FA16:0)"
"1046","TAG(54:1_FA18:0)","TG(54:1_FA18:0)"
"1047","TAG(54:1_FA18:1)","TG(54:1_FA18:1)"
"1048","TAG(54:1_FA20:0)","TG(54:1_FA20:0)"
"1049","TAG(54:1_FA20:1)","TG(54:1_FA20:1)"
"1050","TAG(54:2_FA16:0)","TG(54:2_FA16:0)"
"1051","TAG(54:2_FA18:0)","TG(54:2_FA18:0)"
"1052","TAG(54:2_FA18:1)","TG(54:2_FA18:1)"
"1053","TAG(54:2_FA18:2)","TG(54:2_FA18:2)"
"1054","TAG(54:2_FA20:0)","TG(54:2_FA20:0)"
"1055","TAG(54:2_FA20:1)","TG(54:2_FA20:1)"
"1056","TAG(54:2_FA20:2)","TG(54:2_FA20:2)"
"1057","TAG(54:3_FA16:0)","TG(54:3_FA16:0)"
"1058","TAG(54:3_FA16:1)","TG(54:3_FA16:1)"
"1059","TAG(54:3_FA18:0)","TG(54:3_FA18:0)"
"1060","TAG(54:3_FA18:1)","TG(54:3_FA18:1)"
"1061","TAG(54:3_FA18:2)","TG(54:3_FA18:2)"
"1062","TAG(54:3_FA18:3)","TG(54:3_FA18:3)"
"1063","TAG(54:3_FA20:1)","TG(54:3_FA20:1)"
"1064","TAG(54:3_FA20:2)","TG(54:3_FA20:2)"
"1065","TAG(54:3_FA20:3)","TG(54:3_FA20:3)"
"1066","TAG(54:4_FA16:0)","TG(54:4_FA16:0)"
"1067","TAG(54:4_FA16:1)","TG(54:4_FA16:1)"
"1068","TAG(54:4_FA18:0)","TG(54:4_FA18:0)"
"1069","TAG(54:4_FA18:1)","TG(54:4_FA18:1)"
"1070","TAG(54:4_FA18:2)","TG(54:4_FA18:2)"
"1071","TAG(54:4_FA18:3)","TG(54:4_FA18:3)"
"1072","TAG(54:4_FA20:1)","TG(54:4_FA20:1)"
"1073","TAG(54:4_FA20:2)","TG(54:4_FA20:2)"
"1074","TAG(54:4_FA20:3)","TG(54:4_FA20:3)"
"1075","TAG(54:4_FA20:4)","TG(54:4_FA20:4)"
"1076","TAG(54:4_FA22:4)","TG(54:4_FA22:4)"
"1077","TAG(54:5_FA16:0)","TG(54:5_FA16:0)"
"1078","TAG(54:5_FA16:1)","TG(54:5_FA16:1)"
"1079","TAG(54:5_FA18:0)","TG(54:5_FA18:0)"
"1080","TAG(54:5_FA18:1)","TG(54:5_FA18:1)"
"1081","TAG(54:5_FA18:2)","TG(54:5_FA18:2)"
"1082","TAG(54:5_FA18:3)","TG(54:5_FA18:3)"
"1083","TAG(54:5_FA20:2)","TG(54:5_FA20:2)"
"1084","TAG(54:5_FA20:3)","TG(54:5_FA20:3)"
"1085","TAG(54:5_FA20:4)","TG(54:5_FA20:4)"
"1086","TAG(54:5_FA20:5)","TG(54:5_FA20:5)"
"1087","TAG(54:5_FA22:4)","TG(54:5_FA22:4)"
"1088","TAG(54:5_FA22:5)","TG(54:5_FA22:5)"
"1089","TAG(54:6_FA16:0)","TG(54:6_FA16:0)"
"1090","TAG(54:6_FA16:1)","TG(54:6_FA16:1)"
"1091","TAG(54:6_FA18:1)","TG(54:6_FA18:1)"
"1092","TAG(54:6_FA18:2)","TG(54:6_FA18:2)"
"1093","TAG(54:6_FA18:3)","TG(54:6_FA18:3)"
"1094","TAG(54:6_FA20:3)","TG(54:6_FA20:3)"
"1095","TAG(54:6_FA20:4)","TG(54:6_FA20:4)"
"1096","TAG(54:6_FA20:5)","TG(54:6_FA20:5)"
"1097","TAG(54:6_FA22:5)","TG(54:6_FA22:5)"
"1098","TAG(54:6_FA22:6)","TG(54:6_FA22:6)"
"1099","TAG(54:7_FA16:1)","TG(54:7_FA16:1)"
"1100","TAG(54:7_FA18:1)","TG(54:7_FA18:1)"
"1101","TAG(54:7_FA18:2)","TG(54:7_FA18:2)"
"1102","TAG(54:7_FA18:3)","TG(54:7_FA18:3)"
"1103","TAG(54:7_FA20:4)","TG(54:7_FA20:4)"
"1104","TAG(54:7_FA20:5)","TG(54:7_FA20:5)"
"1105","TAG(54:7_FA22:5)","TG(54:7_FA22:5)"
"1106","TAG(54:7_FA22:6)","TG(54:7_FA22:6)"
"1107","TAG(54:8_FA18:2)","TG(54:8_FA18:2)"
"1108","TAG(54:8_FA18:3)","TG(54:8_FA18:3)"
"1109","TAG(54:8_FA20:4)","TG(54:8_FA20:4)"
"1110","TAG(54:8_FA20:5)","TG(54:8_FA20:5)"
"1111","TAG(54:8_FA22:6)","TG(54:8_FA22:6)"
"1112","TAG(55:1_FA16:0)","TG(55:1_FA16:0)"
"1113","TAG(55:1_FA18:1)","TG(55:1_FA18:1)"
"1114","TAG(55:2_FA18:1)","TG(55:2_FA18:1)"
"1115","TAG(55:2_FA18:2)","TG(55:2_FA18:2)"
"1116","TAG(55:3_FA18:1)","TG(55:3_FA18:1)"
"1117","TAG(55:3_FA18:2)","TG(55:3_FA18:2)"
"1118","TAG(55:4_FA18:1)","TG(55:4_FA18:1)"
"1119","TAG(55:4_FA18:2)","TG(55:4_FA18:2)"
"1120","TAG(55:5_FA18:1)","TG(55:5_FA18:1)"
"1121","TAG(55:5_FA18:2)","TG(55:5_FA18:2)"
"1122","TAG(55:5_FA20:4)","TG(55:5_FA20:4)"
"1123","TAG(55:7_FA22:6)","TG(55:7_FA22:6)"
"1124","TAG(56:1_FA16:0)","TG(56:1_FA16:0)"
"1125","TAG(56:1_FA18:1)","TG(56:1_FA18:1)"
"1126","TAG(56:10_FA18:2)","TG(56:10_FA18:2)"
"1127","TAG(56:2_FA16:0)","TG(56:2_FA16:0)"
"1128","TAG(56:2_FA18:0)","TG(56:2_FA18:0)"
"1129","TAG(56:2_FA20:0)","TG(56:2_FA20:0)"
"1130","TAG(56:2_FA20:1)","TG(56:2_FA20:1)"
"1131","TAG(56:3_FA16:0)","TG(56:3_FA16:0)"
"1132","TAG(56:3_FA18:0)","TG(56:3_FA18:0)"
"1133","TAG(56:3_FA18:1)","TG(56:3_FA18:1)"
"1134","TAG(56:3_FA18:2)","TG(56:3_FA18:2)"
"1135","TAG(56:3_FA20:0)","TG(56:3_FA20:0)"
"1136","TAG(56:3_FA20:1)","TG(56:3_FA20:1)"
"1137","TAG(56:3_FA20:2)","TG(56:3_FA20:2)"
"1138","TAG(56:4_FA16:0)","TG(56:4_FA16:0)"
"1139","TAG(56:4_FA18:0)","TG(56:4_FA18:0)"
"1140","TAG(56:4_FA18:1)","TG(56:4_FA18:1)"
"1141","TAG(56:4_FA18:2)","TG(56:4_FA18:2)"
"1142","TAG(56:4_FA20:1)","TG(56:4_FA20:1)"
"1143","TAG(56:4_FA20:2)","TG(56:4_FA20:2)"
"1144","TAG(56:4_FA20:3)","TG(56:4_FA20:3)"
"1145","TAG(56:4_FA20:4)","TG(56:4_FA20:4)"
"1146","TAG(56:4_FA22:4)","TG(56:4_FA22:4)"
"1147","TAG(56:5_FA16:0)","TG(56:5_FA16:0)"
"1148","TAG(56:5_FA18:0)","TG(56:5_FA18:0)"
"1149","TAG(56:5_FA18:1)","TG(56:5_FA18:1)"
"1150","TAG(56:5_FA18:2)","TG(56:5_FA18:2)"
"1151","TAG(56:5_FA20:1)","TG(56:5_FA20:1)"
"1152","TAG(56:5_FA20:2)","TG(56:5_FA20:2)"
"1153","TAG(56:5_FA20:3)","TG(56:5_FA20:3)"
"1154","TAG(56:5_FA20:4)","TG(56:5_FA20:4)"
"1155","TAG(56:5_FA22:4)","TG(56:5_FA22:4)"
"1156","TAG(56:5_FA22:5)","TG(56:5_FA22:5)"
"1157","TAG(56:6_FA16:0)","TG(56:6_FA16:0)"
"1158","TAG(56:6_FA18:0)","TG(56:6_FA18:0)"
"1159","TAG(56:6_FA18:1)","TG(56:6_FA18:1)"
"1160","TAG(56:6_FA18:2)","TG(56:6_FA18:2)"
"1161","TAG(56:6_FA18:3)","TG(56:6_FA18:3)"
"1162","TAG(56:6_FA20:2)","TG(56:6_FA20:2)"
"1163","TAG(56:6_FA20:3)","TG(56:6_FA20:3)"
"1164","TAG(56:6_FA20:4)","TG(56:6_FA20:4)"
"1165","TAG(56:6_FA20:5)","TG(56:6_FA20:5)"
"1166","TAG(56:6_FA22:4)","TG(56:6_FA22:4)"
"1167","TAG(56:6_FA22:5)","TG(56:6_FA22:5)"
"1168","TAG(56:6_FA22:6)","TG(56:6_FA22:6)"
"1169","TAG(56:7_FA16:0)","TG(56:7_FA16:0)"
"1170","TAG(56:7_FA16:1)","TG(56:7_FA16:1)"
"1171","TAG(56:7_FA18:0)","TG(56:7_FA18:0)"
"1172","TAG(56:7_FA18:1)","TG(56:7_FA18:1)"
"1173","TAG(56:7_FA18:2)","TG(56:7_FA18:2)"
"1174","TAG(56:7_FA18:3)","TG(56:7_FA18:3)"
"1175","TAG(56:7_FA20:3)","TG(56:7_FA20:3)"
"1176","TAG(56:7_FA20:4)","TG(56:7_FA20:4)"
"1177","TAG(56:7_FA20:5)","TG(56:7_FA20:5)"
"1178","TAG(56:7_FA22:4)","TG(56:7_FA22:4)"
"1179","TAG(56:7_FA22:5)","TG(56:7_FA22:5)"
"1180","TAG(56:7_FA22:6)","TG(56:7_FA22:6)"
"1181","TAG(56:8_FA16:0)","TG(56:8_FA16:0)"
"1182","TAG(56:8_FA16:1)","TG(56:8_FA16:1)"
"1183","TAG(56:8_FA18:1)","TG(56:8_FA18:1)"
"1184","TAG(56:8_FA18:2)","TG(56:8_FA18:2)"
"1185","TAG(56:8_FA18:3)","TG(56:8_FA18:3)"
"1186","TAG(56:8_FA20:4)","TG(56:8_FA20:4)"
"1187","TAG(56:8_FA20:5)","TG(56:8_FA20:5)"
"1188","TAG(56:8_FA22:5)","TG(56:8_FA22:5)"
"1189","TAG(56:8_FA22:6)","TG(56:8_FA22:6)"
"1190","TAG(56:9_FA18:3)","TG(56:9_FA18:3)"
"1191","TAG(56:9_FA20:4)","TG(56:9_FA20:4)"
"1192","TAG(56:9_FA20:5)","TG(56:9_FA20:5)"
"1193","TAG(56:9_FA22:6)","TG(56:9_FA22:6)"
"1194","TAG(57:10_FA22:6)","TG(57:10_FA22:6)"
"1195","TAG(57:2_FA18:1)","TG(57:2_FA18:1)"
"1196","TAG(57:3_FA18:2)","TG(57:3_FA18:2)"
"1197","TAG(58:10_FA18:2)","TG(58:10_FA18:2)"
"1198","TAG(58:10_FA20:4)","TG(58:10_FA20:4)"
"1199","TAG(58:10_FA20:5)","TG(58:10_FA20:5)"
"1200","TAG(58:10_FA22:5)","TG(58:10_FA22:5)"
"1201","TAG(58:10_FA22:6)","TG(58:10_FA22:6)"
"1202","TAG(58:2_FA18:1)","TG(58:2_FA18:1)"
"1203","TAG(58:3_FA18:1)","TG(58:3_FA18:1)"
"1204","TAG(58:5_FA18:1)","TG(58:5_FA18:1)"
"1205","TAG(58:6_FA16:0)","TG(58:6_FA16:0)"
"1206","TAG(58:6_FA18:0)","TG(58:6_FA18:0)"
"1207","TAG(58:6_FA18:1)","TG(58:6_FA18:1)"
"1208","TAG(58:6_FA20:4)","TG(58:6_FA20:4)"
"1209","TAG(58:6_FA22:4)","TG(58:6_FA22:4)"
"1210","TAG(58:6_FA22:5)","TG(58:6_FA22:5)"
"1211","TAG(58:7_FA16:0)","TG(58:7_FA16:0)"
"1212","TAG(58:7_FA18:0)","TG(58:7_FA18:0)"
"1213","TAG(58:7_FA18:1)","TG(58:7_FA18:1)"
"1214","TAG(58:7_FA18:2)","TG(58:7_FA18:2)"
"1215","TAG(58:7_FA20:4)","TG(58:7_FA20:4)"
"1216","TAG(58:7_FA22:4)","TG(58:7_FA22:4)"
"1217","TAG(58:7_FA22:5)","TG(58:7_FA22:5)"
"1218","TAG(58:7_FA22:6)","TG(58:7_FA22:6)"
"1219","TAG(58:8_FA18:1)","TG(58:8_FA18:1)"
"1220","TAG(58:8_FA18:2)","TG(58:8_FA18:2)"
"1221","TAG(58:8_FA20:3)","TG(58:8_FA20:3)"
"1222","TAG(58:8_FA20:4)","TG(58:8_FA20:4)"
"1223","TAG(58:8_FA22:5)","TG(58:8_FA22:5)"
"1224","TAG(58:8_FA22:6)","TG(58:8_FA22:6)"
"1225","TAG(58:9_FA18:1)","TG(58:9_FA18:1)"
"1226","TAG(58:9_FA18:2)","TG(58:9_FA18:2)"
"1227","TAG(58:9_FA20:4)","TG(58:9_FA20:4)"
"1228","TAG(58:9_FA22:5)","TG(58:9_FA22:5)"
"1229","TAG(58:9_FA22:6)","TG(58:9_FA22:6)"
"1230","TAG(60:10_FA22:5)","TG(60:10_FA22:5)"
"1231","TAG(60:10_FA22:6)","TG(60:10_FA22:6)"
"1232","TAG(60:11_FA22:5)","TG(60:11_FA22:5)"
"1233","TAG(60:11_FA22:6)","TG(60:11_FA22:6)"
"1234","TAG(60:12_FA22:6)","TG(60:12_FA22:6)"
"1235","SIL_14:0-13:0-14:0 TG-d5","SIL_TG(14:0_13:0_14:0)_d5"
"1236","SIL_14:0-15:1-14:0 TG-d5","SIL_TG(14:0_15:1_14:0)_d5"
"1237","SIL_14:0-17:1-14:0 TG-d5","SIL_TG(14:0_17:1_14:0)_d5"
"1238","SIL_16:0-15:1-16:0 TG-d5","SIL_TG(16:0_15:1_16:0)_d5"
"1239","SIL_16:0-17:1-16:0 TG-d5","SIL_TG(16:0_17:1_16:0)_d5"
"1240","SIL_16:0-19:2-16:0 TG-d5","SIL_TG(16:0_19:2_16:0)_d5"
"1241","SIL_18:1-17:1-18:1 TG-d5","SIL_TG(18:1_17:1_18:1)_d5"
"1242","SIL_18:1-19:2-18:1 TG-d5","SIL_TG(18:1_19:2_18:1)_d5"
"1243","SIL_18:1-21:2-18:1 TG-d5","SIL_TG(18:1_21:2_18:1)_d5"
